	baseMean	log2FoldChange	lfcSE	pvalue	padj
AQP5	148.9282528900725	3.463617559240943	0.23917138904500418	7.705931060096697e-75	2.661474469536197e-70
INSL5	33.61142143991657	-4.3106525021265805	0.3265806126599049	1.0343242619770654e-62	1.7861745680081944e-58
PRAC1	771.4269059609583	-4.738474458445674	0.2971801870962303	9.844625983891085e-59	1.1333789741054343e-54
DRD5	7.738970307475022	4.570058608694982	0.3083394660699807	1.9373563395736472e-51	1.6728103314048658e-47
HOXB13	1413.05331686635	-2.1150951389744357	0.14411357195229035	4.027597271521443e-50	2.782103091276152e-46
GDF10	67.67743989518816	-3.5019655360307826	0.2573902679625878	9.902606381602565e-46	5.700270320129823e-42
MUC6	249.74998685038634	3.9731734269647347	0.25252403005575863	8.433657634321384e-39	4.161166676774171e-35
TRPV6	49.92898511301181	2.611451701528971	0.24742623066006966	8.96769333245152e-35	3.8715774039526322e-31
CLDN18	586.2421390365886	2.2673290078738124	0.32515594718005975	2.3670821789078814e-34	9.08380936612449e-31
ANPEP	4266.906830100494	2.1832050987420497	0.18348781049729185	8.961231443303104e-34	3.0950301158880265e-30
M1AP	11.615451837951257	1.7366752756841628	0.16693181205090352	2.1851615180218318e-33	6.861009864494366e-30
CLDN8	78.98822802752584	-3.6404358067785214	0.3481381053132962	5.208529940156272e-33	1.499101725609311e-29
RP11-380D23.2	3.188690145709643	2.519541342889716	0.2216875424976613	2.7845662515265175e-31	7.397949938094067e-28
ELAVL2	51.56665534583043	-2.211010175342166	0.19621582180729955	7.271666713545618e-31	1.793920178231704e-27
H3F3AP6	13.974530534260508	1.4821321810555985	0.13756198140243375	2.515787710529528e-28	5.792685063084589e-25
C17orf78	34.07336544298509	1.9155736928615332	0.2618667245631449	5.515060285966217e-28	1.1904947009793826e-24
MTND1P23	178.5499259408233	1.4423138469362957	0.23087162589874918	1.6877029420224142e-27	3.428816718327656e-24
NR1H4	37.33491070930335	2.2025947588490924	0.2127403524791659	2.8032716520054756e-26	5.378855350942506e-23
ZNF880	135.49331710780785	-1.2581733742599401	0.12407991430986771	1.831462590513674e-25	3.2135746697573428e-22
HOXC6	65.90128913431231	2.281610796459801	0.22387669442587851	1.8608921592201879e-25	3.2135746697573428e-22
HOXC10	16.364742041834297	2.2919505493512564	0.2595518473663971	5.942519663921681e-25	9.773464007263192e-22
KRTAP13-2	3.3228835792918274	-4.339954244411547	0.4006605001500292	6.368334270091618e-25	9.99770586456474e-22
GPR126	842.3291993132548	1.1948015801053307	0.11929648043619823	1.0739615085438246e-24	1.612716634003766e-21
CLSTN2	208.21460637771253	-2.0266123583193467	0.18819294366474348	4.1498219158305286e-24	5.971939555373116e-21
TM4SF4	131.83613966326516	2.761273721002514	0.21438098742225195	3.641734718916425e-23	5.031129348877419e-20
SEMG1	49.77978841445239	2.5559901995966454	0.27228026347818074	4.200060099217314e-22	5.579295219491061e-19
MSH4	9.309045217144112	1.6374700152579926	0.1751754766829561	5.015098519559047e-22	6.186124023876085e-19
PCSK1N	232.39233405514187	-1.8594331666568533	0.2420930971738624	8.106032220897736e-22	9.654004856736759e-19
RAB27B	483.02013312597336	1.3184453448621047	0.14220522733217295	1.1695694817257173e-21	1.3464863586614275e-18
HOXD3	11.669175833290833	1.1800153174545305	0.12807776060823917	2.1019016544296064e-21	2.2686087293965543e-18
ZNF813	185.77117732327892	-1.350194595778967	0.14724478244081388	2.179723290592303e-21	2.2813116063780892e-18
LINC01314	25.55282558856265	-2.6571263214275005	0.22515993331621065	3.1313293212844617e-21	3.1808780028977277e-18
MEP1B	31.16196311062856	1.710471500811156	0.18712698675776754	3.466848533703584e-21	3.4210861330586963e-18
TFAP2A	243.41478880476205	1.3758358072754537	0.15093878681439293	5.1925361071990475e-21	4.847021947849749e-18
HOXB2	194.98346036335704	1.065636952362892	0.1169205515153075	5.39807768752387e-21	4.906284399255248e-18
FAM132B	85.59479135224639	1.257209736274306	0.1405211077266177	2.0437481590358602e-20	1.7646743479195137e-17
PYY	69.45146638256212	-2.2469422623620674	0.25346182748316937	2.1187191277174343e-20	1.7847883227586522e-17
NXPH4	217.6567671750354	1.9032339046151934	0.21294231891696422	2.5177388552108236e-20	2.0704205852683675e-17
HOXC9	14.2917167558627	1.8583190867062245	0.20820126423191182	3.516613131857487e-20	2.824576380188229e-17
FOXC2	43.15652530514463	-1.4847325701685024	0.16803757430942956	4.788314413053688e-20	3.758609163592006e-17
TFF2	266.0539518211401	2.698974792221532	0.2192866233999751	5.008769695079904e-20	3.844286393970438e-17
ZNF492	7.686868948085143	-2.1928766887552316	0.24998707288969296	5.961552054599982e-20	4.4760888013429164e-17
ULBP2	69.97878785443419	1.2157081816897166	0.1380558395410819	8.866417051317362e-20	6.515496002519129e-17
CTD-2377D24.4	68.57603008912706	-2.7403885114309707	0.31471474378270076	1.0439682805471299e-19	7.511786765320161e-17
DPCR1	6.267924300618804	2.9431235338763395	0.21656412168418201	1.1110004111858877e-19	7.830965755415958e-17
MYBPHL	23.413241288095957	-2.0347704429410105	0.27740312295257	1.242007191269304e-19	8.411067523933182e-17
NXF3	93.307002106494	2.2635927402919447	0.2598282932744329	1.9415055888468856e-19	1.2417725931035877e-16
MUC12	8096.203822453938	-1.4539539081979438	0.16937167045134158	2.0503682620812577e-19	1.2645646256386158e-16
CAMK2N2	17.673680052862075	1.415483158131292	0.1629004026720898	2.022295439315341e-19	1.2645646256386158e-16
VNN1	424.2166497276751	1.5935564428438411	0.183937587838472	3.106547977840525e-19	1.8823500712044923e-16
BHLHA9	7.914367637456066	-1.318675128952445	0.289368862092035	3.5925911523410317e-19	2.1393260899923198e-16
MYRFL	27.50761420237448	1.705507925576973	0.1990451132096114	7.341377035501032e-19	4.2975674585107565e-16
PTF1A	11.06871783510356	-1.7874439851394033	0.3726617039383444	7.838663000966917e-19	4.512195712123256e-16
CFAP74	22.42799578155107	-1.3148128172707039	0.15477642833052851	8.606106322400706e-19	4.794156454243155e-16
VSTM2L	184.50005099409825	-1.6475360248054551	0.19916269380037493	1.1713151895213165e-18	6.32107562745113e-16
ZNF853	193.8433250464218	-1.01492743226691	0.12064206427145088	2.026225772988561e-18	1.0766428576535218e-15
WIF1	192.62162299439316	-2.042935566715364	0.320571243233178	6.4259989451619275e-18	3.263840464235333e-15
RP11-613H2.2	1.7719388827486353	1.8554594134177829	0.22496167780638238	7.875127547565108e-18	3.94190080054788e-15
PDE10A	126.31569458121089	1.089069591576782	0.13170003873493755	9.090715221139289e-18	4.422184821235335e-15
DUSP15	118.82514492705441	-1.231248165644583	0.1502116183336293	9.651425567441521e-18	4.629735225670768e-15
HAGLR	363.006313297079	1.1908924599169597	0.14427502312298518	9.967481903019594e-18	4.715847807760148e-15
LMX1A	7.174673851265285	-1.6267385352580284	0.3061685514124793	1.0320339133045877e-17	4.816809094285655e-15
ZNF610	46.61439385079155	-1.0427336299052221	0.12666834513280212	1.0574302298340446e-17	4.869536703734431e-15
GBA3	31.35544042890184	1.580627392223773	0.19327717416832596	1.791311747584833e-17	8.034847420530515e-15
CCK	10.241923004098691	3.190530840247215	0.30757561873762784	3.4309937836113444e-17	1.4629588061526987e-14
DUSP4	1776.0035820782687	1.2574626607176893	0.15552832920205886	3.366411581116135e-17	1.4629588061526987e-14
ABCA17P	19.63684725042314	1.873538130816038	0.18988956274417348	5.002467933811913e-17	2.0816293674457332e-14
HMSD	11.084734604191555	1.4346069085385493	0.17985422471628476	8.341786681029162e-17	3.35010033010913e-14
CIITA	735.5691178881929	1.0488743984881725	0.1309801787312909	9.338439387771742e-17	3.707253098561614e-14
TRIM7	255.94895898648372	1.4242864965374156	0.17868097367003669	1.0527880859417985e-16	4.1319539673020274e-14
PIWIL1	259.85758345461875	1.7205842631466624	0.21662031183511773	1.2746916268202776e-16	4.891699934124305e-14
CLDN10	27.998228268058124	-2.057016950218714	0.30465453197268505	1.5843112557270724e-16	6.013070565967212e-14
RP4-694A7.2	6.516174442388877	1.3841621642052588	0.16520650152909147	2.0289136824090026e-16	7.534905458391628e-14
AIRE	13.711309355287364	-2.9863671283615	0.19848065579632304	2.320033248891967e-16	8.26075343816812e-14
ST6GAL2	147.10380188443708	-1.5117785220755817	0.19334198763791827	2.3076163270922734e-16	8.26075343816812e-14
RPE65	4.698175492733203	1.725187286719278	0.2430097916957994	2.7001497249898303e-16	9.51609910221416e-14
PRDM8	121.7402800072549	1.1248626921019809	0.14521654853686242	6.1428612794500795e-16	2.0800210085259496e-13
SYN3	112.88654786804425	-1.1464560440700697	0.1978408255983525	6.203197358049996e-16	2.0800585471100073e-13
ARL11	188.52512494280583	-1.0607357208625654	0.13864178932645513	9.41348259511757e-16	3.038531419347389e-13
GBP4	1355.6614656444399	1.058174974608955	0.13724465343269276	9.361737218954106e-16	3.038531419347389e-13
ACKR4	24.349559553823717	1.1969577279130328	0.15583663465677725	1.08613385328941e-15	3.473415835639782e-13
PRAC2	77.01156942548634	-1.2870319462590665	0.1690480432507952	1.149980499269732e-15	3.6438556407135785e-13
SCT	31.8581952587216	-1.2826197151132885	0.18275903904003551	1.6835678341656789e-15	5.238474401478758e-13
FOXD1	88.21162391593784	1.6807056319490956	0.221150567998534	1.8814178484389237e-15	5.750478730033942e-13
TCP11	34.8104204884858	1.5135284190933376	0.2985864141070268	2.765989692308447e-15	8.095911185843148e-13
LHFPL4	19.25647295236248	-1.4693490809114478	0.2819482557933571	3.216602400534023e-15	9.106148664724926e-13
HSPB3	16.334573564728977	-2.0902592415073795	0.2807501148097636	3.3471811287954144e-15	9.327065149295837e-13
RP11-217E13.1	7.22942357491014	-2.4617125648709948	0.3286787777779256	3.34864809344109e-15	9.327065149295837e-13
VSTM2B	5.748073246087443	-2.315789263622949	0.3832595227842533	3.5004737967998985e-15	9.671949119509991e-13
SLC25A21	18.4298273312921	1.4470733899351034	0.19244333712588715	3.62998412609351e-15	9.950189821191876e-13
RP11-11N5.1	133.41299218822058	-2.231613957627183	0.3006264747216853	3.897112845901017e-15	1.0598305785175537e-12
RP11-469H8.6	19.424066053197404	1.306117654910007	0.17414051537759295	3.985287238677174e-15	1.0753425831986895e-12
APCDD1	4159.766549264153	-1.2183402105700814	0.16523767334382597	4.50063206915159e-15	1.2049831814291288e-12
LPO	35.40221718848442	-1.5545505399143122	0.21031972439565516	6.111896005904701e-15	1.611394383602569e-12
ZNF415	92.7737563665297	-1.0033668423545254	0.13527785968538605	6.372877187373576e-15	1.6674729719508223e-12
ANXA10	31.3601988532435	1.6457912065659666	0.31547026347733453	6.713496085272277e-15	1.7175609466158068e-12
PAX9	81.67487230772807	1.1203349204382949	0.15080699542902587	7.10723242406123e-15	1.8049234813399027e-12
CYP1A1	7.6569448015639265	3.195567769485495	0.3111419038001297	9.13366832474918e-15	2.3026177854028262e-12
RSPO4	14.657935562396064	-1.072032115465496	0.2600071206065144	9.761763638696106e-15	2.404545940836396e-12
CTSE	2320.2354551069125	1.8170284245154358	0.24630098488039562	9.849233577533317e-15	2.404545940836396e-12
GPC3	329.18321098426634	1.2795234069801313	0.17402248610741936	1.1574553624244885e-14	2.7761245352372905e-12
DRGX	20.262163202975888	2.2521610252562696	0.3088550670288623	1.9758723226567364e-14	4.61099177567016e-12
AFAP1-AS1	385.89635508820817	2.0843312887349983	0.28597576362096916	2.024180491226383e-14	4.660743053731788e-12
CCL25	30.760096146483445	2.886146860085397	0.27398908151029994	2.0513849223268866e-14	4.692101486577882e-12
CD177	498.4211086694681	-1.209574929457498	0.23085245889205933	4.1630147278614754e-14	8.986387666929978e-12
FABP7	3.0941395885216028	2.036216445983822	0.2850707046609457	4.7194433522309995e-14	1.0061736697491002e-11
EPHA8	6.969166564385181	-1.863933365978537	0.29736084269188284	5.5243844313134615e-14	1.1492009280889713e-11
WASF3	215.5458146779186	-1.1720694773668259	0.1656175579401562	6.12252690110144e-14	1.2505662739847206e-11
HOXC8	12.038853208735775	1.7845448689979915	0.2498381508183704	6.252018193175294e-14	1.262761428981803e-11
PNMA2	162.1524659731757	1.1273753224675154	0.1586934019806166	7.576795898799621e-14	1.4953564385870934e-11
CXCL17	48.580594361199694	1.1828503461350928	0.25608827719317256	9.053660008287305e-14	1.7666401659108865e-11
RP11-404F10.2	4.622117145866988	1.1904347234609256	0.17012242316674298	1.0021029657192898e-13	1.944417541011957e-11
GNLY	225.68136240800652	1.0220665338360608	0.1455816035748567	1.410806046510385e-13	2.633860499155442e-11
SPRR1A	23.572715817167012	1.9779347596819334	0.3277287160486399	1.6434972264232537e-13	3.0517799573229215e-11
KRT36	14.838227401727385	-1.03542029644868	0.19414556168519193	1.9520846245320523e-13	3.56725390275598e-11
PDE6A	38.517209200145025	-1.1752379773794988	0.16995345625722982	2.0295621206635954e-13	3.689316659130487e-11
FABP3	321.60408056246985	-1.1861050467739362	0.17239578662015106	2.2042757306019996e-13	3.9651705824756174e-11
RP11-267C16.1	3.912682687433927	2.2145175209352295	0.32513239040215935	3.489280896801811e-13	5.965979386818859e-11
EVX2	4.217187581312329	-1.5048098268817363	0.22300965509588	3.697865811995488e-13	6.2914723849606e-11
INSM1	52.536593025894696	1.7200295485653077	0.2240430034434795	3.9659583638608e-13	6.649333493739044e-11
TNNC2	658.2533591465758	-1.1833142716138048	0.17385272585424152	4.2130539637558447e-13	7.029490714985476e-11
ZNF334	101.39151883718036	-1.5214766824441088	0.22380738867510838	4.2343915826184656e-13	7.031125792330604e-11
CXCL13	207.87500618310142	1.2648920966837531	0.18456668536270826	4.780090847312837e-13	7.899271659545013e-11
SEMG2	2.653506782013379	3.712081878928874	0.38269941765788557	5.485921846479488e-13	8.895435151817304e-11
ABCG5	28.874697628689944	1.0919190287235119	0.16027864027280023	6.087471852899658e-13	9.688898749099003e-11
SLC22A31	35.947842079855285	-1.7002165663150155	0.21713668148931256	6.246516539660744e-13	9.896430653523063e-11
LINC00176	60.777466995298326	-1.4045900781706386	0.166731667984667	6.52584143121736e-13	1.0210010851920571e-10
CARM1P1	1.3568907646435064	-3.5144661407319884	0.46949819405314125	6.53312988092665e-13	1.0210010851920571e-10
CTA-126B4.7	16.007484149617788	1.1916052472283936	0.17522355755554472	6.613798414594004e-13	1.0289521155101248e-10
AQP2	2.4608258801941245	1.5744790718630064	0.2341646282482263	8.11421030940364e-13	1.25672015993804e-10
FOXC2-AS1	1.874089385500577	-1.6274208808154276	0.3793726530379829	1.0248116594421852e-12	1.55240987253571e-10
HSD17B2	556.7354606772653	1.0186253481443535	0.15171760519578592	1.247639085537278e-12	1.8573689110468321e-10
TRNP1	349.0435212122181	1.069577008787505	0.1594481389524078	1.2982820380235092e-12	1.9162420952673486e-10
FAM72C	7.7155544179230215	1.0033477979243384	0.14894834334632098	1.3341490566934292e-12	1.9608017072373471e-10
SCNN1B	329.2997524746088	-1.3336259257353809	0.20106929827499315	1.3514366757763391e-12	1.970480752388867e-10
ST18	25.285807314069146	1.1436223273638237	0.17057611071279022	1.3521452843713056e-12	1.970480752388867e-10
SMC1B	12.029771198734402	1.5813932410673273	0.1639818752147295	1.4060313486572714e-12	2.0403996100808757e-10
LINC01535	4.363869271800453	-1.7657225074673377	0.22177954779276854	1.4161865607583279e-12	2.0465377169653193e-10
RP11-11N5.3	38.30774107078202	-2.1561243524533436	0.3272728565058202	1.5275181648218359e-12	2.1800587758932467e-10
ST8SIA6-AS1	9.726555917726621	-1.3885790444522292	0.26035640675791544	1.551055655753232e-12	2.204541573596919e-10
CA1	431.0566402809189	-1.3943106321468375	0.2864572558789862	1.6093836731536192e-12	2.2687711552399877e-10
FOXD4L1	3.2132658678827335	1.0042022542743503	0.15090907642757154	1.6160902626694066e-12	2.268964450897397e-10
SPACA3	39.212572248418525	-1.3692736534589158	0.20785694576179467	1.899666911141596e-12	2.5729684618434685e-10
MIA2	4.244796435983697	1.068626191275531	0.1602102469606801	1.9425213162213422e-12	2.6207344226426845e-10
MUC5AC	1977.4239083413402	1.7354546239840565	0.26193940469901544	2.210062872767066e-12	2.9585717635515085e-10
RP11-473M20.9	103.64663598992232	-1.032955792241009	0.15784794077625253	2.8263192500652915e-12	3.683600538066228e-10
SPINK6	3.6896316570600076	-2.160546760555141	0.27153749072970657	2.9447760056698736e-12	3.809238714750041e-10
HSD3B2	11.101865093489792	2.3951893870570826	0.2843724545957707	3.377831697269014e-12	4.3049280870951e-10
ABCG8	19.696591037605618	1.3423758214254777	0.20477498960633175	3.4863490828757072e-12	4.4106785576689074e-10
SLC38A3	55.402575135926874	-1.467700996925915	0.22644694807772794	3.83572862285369e-12	4.817396188222573e-10
HOXC4	32.50962118338532	1.2755206588860846	0.19488595427175523	3.935456405361063e-12	4.88930911253095e-10
RP11-696F12.1	24.21339278673673	-2.0681080381156964	0.32277110590645947	5.4356423995134855e-12	6.473662661875751e-10
TBX10	143.02629722702488	-1.12619776247172	0.1749848831473265	5.509248158472066e-12	6.538777075508873e-10
ZNF793-AS1	15.910689947165533	-1.0550342869291898	0.16308892470203976	5.543042150642545e-12	6.556355815030556e-10
HOXC-AS2	5.639571405394263	1.7621345909468191	0.27117523877411237	5.654017355813174e-12	6.664793564337045e-10
TTC24	5.069199164141271	1.2374064054014	0.19102926528208364	6.9783102098493115e-12	8.197852994142024e-10
CACNA1B	25.0773733938724	-1.6616102844075549	0.23743532489069405	7.0092185097480245e-12	8.206250470836518e-10
ALOXE3	10.54009657077213	1.099987312258789	0.17117069676994195	8.008463430343778e-12	9.281755367691725e-10
KCNG1	79.33960665724595	-1.1953600255669719	0.18765481183299976	8.117619985953389e-12	9.34554530249527e-10
TMEM72	46.48092794025057	-1.124578089156257	0.1767997825862774	8.673014238740294e-12	9.91882668137789e-10
SOX2-OT	6.279189937150387	1.093201812809447	0.17027567376442368	1.090488816234758e-11	1.203300406872718e-09
VNN2	90.95806612825338	1.059099078769186	0.16615065126779047	1.1566841057708737e-11	1.2682398617496648e-09
AIM2	93.4706055352878	1.1341033197743964	0.1779637200632224	1.1746102278207242e-11	1.2838192420402587e-09
CRYBA2	15.362195977447492	1.599314383388883	0.19994668233255564	1.1950731241315723e-11	1.3020642132888406e-09
AC009336.19	4.153866020060462	1.0301355766459799	0.16112728367858642	1.217526759252504e-11	1.3140918503457184e-09
RP11-247A12.2	20.653651167267068	-1.1250721740300815	0.17853159423168524	1.2397364841311367e-11	1.3297521331963105e-09
LINC00941	38.99312136190232	1.2483453529581423	0.19626070282828081	1.2697324195133886e-11	1.3535190834923894e-09
GAD1	121.04964691476924	1.04973372930943	0.16506256903000266	1.3384023093974782e-11	1.405037658418544e-09
UGT1A1	19.50737794599808	1.5408355052569338	0.2430540710672846	1.3839942584851026e-11	1.448496778774499e-09
F10	277.03499569355006	-1.0127836243562824	0.16068071594279115	1.4168252404044508e-11	1.4758033013455048e-09
KRBOX1	7.475217675369598	-1.3051274680631595	0.22302713603349947	1.4186307720386462e-11	1.4758033013455048e-09
NEUROG3	29.387357271317338	1.7455362960529857	0.27590634810324566	1.4820534687669036e-11	1.5325497815650095e-09
LY6G6E	13.985503121214903	-1.1381835540109564	0.18083702292263187	1.5777719712576853e-11	1.6218181054552957e-09
ZNF663P	29.318039379516243	-1.667863646765376	0.26744869012015854	1.7819208982839904e-11	1.8048089145141484e-09
MIOX	12.36423520314122	1.163388126926562	0.18629652396508076	1.923514471533962e-11	1.9312308958674413e-09
NCR1	4.574850732973153	1.0795579687969263	0.17168538758419055	1.9648364986568388e-11	1.9670006663944895e-09
FADS6	35.57831683076301	-1.1963099644988198	0.26843109212122457	2.1419585768529214e-11	2.138120385183416e-09
XXbac-BPG32J3.19	438.35208443380134	-1.422317847393104	0.22989656048426782	2.467824337235672e-11	2.4283110244856303e-09
CARD17	3.576264936563306	1.1749093608078045	0.18966063765354776	2.581485106582688e-11	2.5186252150043186e-09
ZNF285	49.24172342073406	-1.0283819691948766	0.1657310616556417	2.7864517942909136e-11	2.6882254768497088e-09
GNG4	1766.2219968247657	-1.141435144232908	0.1854451405640723	2.9697662369654484e-11	2.833419510837366e-09
RP11-996F15.4	5.417074159209812	1.01863390180004	0.16313097420272654	3.195745456035008e-11	3.023243534957662e-09
B3GNT7	1537.064921705493	-1.0862272928463226	0.1763306143596816	3.203738299248666e-11	3.023243534957662e-09
XKR9	101.15465154497296	1.1244818736754638	0.18082237062728154	3.2717218555494246e-11	3.048048432713875e-09
PIPOX	250.33463349090584	-1.115962209125279	0.1810638667618061	3.2643963802004094e-11	3.048048432713875e-09
SLC1A7	305.69607957845466	-1.1772700805458909	0.19189405799216877	3.6876902069995346e-11	3.3783937498501305e-09
RP1-213J1P__B.1	3.787781149733073	-1.8938342884752293	0.307496163019057	4.033115179184095e-11	3.6180709625626045e-09
ZG16	2471.0464405435946	-1.7110677060311221	0.28018637456471895	4.101754638715433e-11	3.6606305351926e-09
B3GALT5-AS1	28.03760528952642	-1.688275559080496	0.2309675410729481	4.418551910544959e-11	3.890676752507934e-09
CTC-338M12.1	2.0697130276440423	1.4860999326970823	0.24344688564110717	4.719311802368661e-11	4.105682393708031e-09
FAM83C	13.653927530939598	-1.788423680032286	0.25716781943478395	5.187858975950495e-11	4.479456832784455e-09
UTF1	1.1907832764691089	-2.4991785681792935	0.42692861327621384	5.8030878475155254e-11	4.946386546249534e-09
SPIB	85.5919512842493	1.050142533609972	0.17210984892470224	6.759788909736947e-11	5.666737605934337e-09
ASB5	7.044362752569629	-1.6486748153763704	0.36618938996742606	6.870120415756911e-11	5.745283751075355e-09
PRKAA2	91.24163935688657	-1.2884765350893628	0.2136191470552318	6.979385368401738e-11	5.80853040611709e-09
XXYLT1-AS2	5.920025612887955	1.1922734437736062	0.19719249786872634	7.276139762447764e-11	6.040945074889925e-09
AC004009.2	1.9842606414696122	1.903897637181405	0.3131236349267446	7.375375011407794e-11	6.1086499315108486e-09
CHRNA7	28.511993257940187	1.213723585747045	0.2003945715366497	8.59575437529802e-11	7.018443607896998e-09
AC012531.25	4.134362694251495	1.9358918217523369	0.3162751076924709	8.630575332256193e-11	7.030254972298688e-09
CHST13	111.60450231721694	-1.065558409419796	0.17837084136744488	1.0688034303191588e-10	8.505606653539886e-09
KLK10	1932.4074215292624	1.1166443739670275	0.18790198100716818	1.828902964311888e-10	1.376179751228845e-08
UTS2	27.51318118002905	1.150307175835797	0.19413515270692042	2.0137712500141623e-10	1.4957340093115945e-08
GABRP	315.4066236018959	1.3361906250690103	0.22586470394468508	2.018411274521681e-10	1.495963274665876e-08
HMX3	7.752273227732137	1.801155470192718	0.3076303398948373	2.242498119737828e-10	1.658488223972272e-08
IDO1	622.7910165711379	1.1119150676368807	0.18435667755380492	2.407741390511767e-10	1.7618341556249027e-08
LYZ	20752.607061296574	1.0594360604364101	0.17912972641447603	2.473010950023879e-10	1.7981653093036786e-08
AKAP4	6.570786461175366	-1.4871630831505085	0.27117437087009205	2.489756006348921e-10	1.8065376669596437e-08
ONECUT3	144.5464457900501	1.2375690703822906	0.3436672671395443	2.6143725273503457e-10	1.8811499656172134e-08
RP11-13K12.5	9.549312980816874	-1.1851721632913101	0.20297868666823757	2.7063460954259997e-10	1.9352335702654902e-08
DRD2	177.38481469927297	-1.296331150778325	0.22381915124539364	2.7301892153401885e-10	1.948249485938418e-08
LY6G6D	430.7561171267758	-1.356588239157271	0.23520301717263445	3.2508513607523466e-10	2.272832070802926e-08
KRT41P	2.6946572351551534	-2.0148775004374686	0.34898940949486684	3.2923859807967406e-10	2.2972207475708654e-08
CEACAM20	3.1752518863927137	1.1775500584299907	0.2526169321582438	3.3941257388080407e-10	2.3634337654627445e-08
AC005256.1	14.11540362164435	1.2167271320463198	0.2103831106008343	3.536507062917421e-10	2.44777316511106e-08
SLC13A3	362.99271761379566	-1.1624549632372778	0.20258133132294628	4.01985273467675e-10	2.7384156558237788e-08
ERP27	295.25773585558045	-1.016643660812963	0.1766385315688338	4.093660959436463e-10	2.7668661881999323e-08
ANKRD18B	11.409895037284166	-1.4553137651551997	0.2529401998066704	4.2382784465628406e-10	2.85901681615991e-08
RP11-95M15.1	4.928770577365253	1.1098759587408844	0.19212379804061067	4.2990455406734203e-10	2.894355455824144e-08
NPW	80.21111416187674	-1.0928159927659578	0.19110954706699645	4.788638464954934e-10	3.199032791153066e-08
RP11-169F17.1	18.34406187428266	-1.1719001218785903	0.5098537426592906	4.850032307933447e-10	3.2275609990636877e-08
CCDC160	1.5900349761410448	2.594794273437255	0.266809733744828	4.849637849048956e-10	3.2275609990636877e-08
RGS13	19.040417154778332	1.0977813124268048	0.19071210562358115	5.316912828098748e-10	3.471371176878536e-08
KCNJ13	1.4934596832049942	2.3476185422856704	0.22673278796437357	5.629191651030145e-10	3.6683211555335694e-08
RP11-638F5.2	4.292316362666718	1.5004478033753728	0.26199439920169326	6.570979850383252e-10	4.218373644470943e-08
PRL	2.501602385220958	1.480443925408696	0.2577423031664231	6.596929890240494e-10	4.227175594603454e-08
CALML5	1.7279865005293655	3.8306033179182513	0.3716905945817101	7.529179674818582e-10	4.7626887840454976e-08
AC108142.1	9.665994390238927	1.2889228744544357	0.2262449001974631	7.602419038126815e-10	4.8002257539090296e-08
CAPN14	15.57209662536558	1.085001505338787	0.19086400454468505	8.037047266109883e-10	5.0494889520584707e-08
UNC5B-AS1	14.974456565623194	1.0491642091869746	0.18687363009787925	9.262312232513201e-10	5.722750266306636e-08
KRT31	6.634351216228169	-2.4174905410199496	0.3549165738828042	1.0499282635974166e-09	6.381787427234371e-08
GP2	85.2953162190052	3.0586265185418124	0.2811226494177871	1.0547498316148828e-09	6.391043804265758e-08
CYP4F26P	3.950307142055006	-1.7721565056636572	0.3167987685611343	1.0603820907109632e-09	6.413918852710201e-08
RP11-307C19.2	3.60049088906321	1.2880252757558017	0.2317332617466728	1.1015845852707307e-09	6.639882793382286e-08
PCDHGB4	13.672824231476184	-1.3051275491047631	0.16690192202013152	1.1188075587612427e-09	6.731946945034112e-08
HOXC-AS1	1.7613574534738705	1.7777343040087694	0.3081047883247908	1.1380439255697278e-09	6.835784539361263e-08
F5	343.3104477682697	1.1193276970021637	0.1990540237656422	1.1632254722833973e-09	6.950775322097574e-08
F7	88.986349294967	-1.2178926952764542	0.22038782648733365	1.3115100860541505e-09	7.72985244917035e-08
ABCA4	15.84020603774883	1.0485571336530413	0.1672542906140445	1.7326756228857831e-09	9.907806401196884e-08
RP11-95I16.6	8.353678554429203	1.6269586878863134	0.2938415998475889	1.8169175177336886e-09	1.0342337466303972e-07
WNT11	1035.650846844958	-1.036226614440405	0.19031697350727894	1.91803382134917e-09	1.0859844610124202e-07
MS4A1	94.53618315317583	1.2060718438105726	0.21855379021098767	2.204471349798647e-09	1.2340037516911777e-07
PCP4	129.93478073988274	-1.2846151947738582	0.2362478895952924	2.2290014926159792e-09	1.24370361150195e-07
KIR2DL4	12.347106269574004	1.0022428815869784	0.18211042766039237	2.3090375845347734e-09	1.2821469468595175e-07
LINC00330	3.3407841484254472	1.4561992714246443	0.26780086807455006	2.5110088224726804e-09	1.387603563368983e-07
RP11-685G9.2	1.3761514677764017	1.4281465856883193	0.2656685687953596	2.5258578481208875e-09	1.3935795264920002e-07
REG1A	14306.471570554128	1.133280620858178	0.29535006110134654	2.6645465131421554e-09	1.4607636106492661e-07
NPBWR1	1.8808276724431396	-1.2583065695618139	0.23414845215864818	2.693725213872442e-09	1.4697611601378578e-07
PLCXD3	8.443432480245697	1.404098090757362	0.2523450131104202	2.784848208099713e-09	1.5123126951469794e-07
HRASLS5	20.953696618029948	1.1350431793480888	0.20708988291340497	2.7905844550012443e-09	1.5130487583490263e-07
FOXI1	16.86426856357074	1.7585262330720117	0.30574414388903104	2.861845591902318e-09	1.5468297817390027e-07
CTD-2034I21.2	10.378866486445798	-1.6562703794524736	0.30865721425810855	3.0955566299210155e-09	1.6524626720898305e-07
IZUMO2	19.713601957852575	-1.3344420229067369	0.24904505377898054	3.165796029634351e-09	1.6795739365823536e-07
RP11-117L5.1	2.454816787788828	1.2778862815294392	0.2360007169498715	3.3867167516948694e-09	1.783085719055448e-07
RP11-116O18.1	11.49977186195258	1.1769307920515686	0.31149319656314606	3.5509449972837925e-09	1.8600669506422133e-07
ALDH1L1	706.1445301358465	1.13460093972462	0.2097031032129084	3.84646548166113e-09	1.9977327038437913e-07
EMX1	42.32314280613124	1.3653552270606826	0.2526471127977655	3.8809240212287e-09	2.0095855149204925e-07
CLCA2	14.957048928728078	2.795068586493645	0.2320201635210374	4.2368833076421126e-09	2.1720615957761714e-07
CYP2W1	2630.360855239416	-1.1765737072197253	0.2215103090218369	4.380574129141577e-09	2.238110492193665e-07
LINC00658	4.702361641940331	-1.324585448295631	0.24770910792640485	4.3749054283468335e-09	2.238110492193665e-07
KIR3DL2	1.5509922914552825	1.3907625439860278	0.26421737445403476	4.678637504123027e-09	2.3763350311382513e-07
RP11-13K12.1	18.42503249530733	-1.0880863713259905	0.20501265865617277	4.8514364999525315e-09	2.4496917227391893e-07
KCTD16	36.03485600398027	-1.1813338991255813	0.22333322052134835	5.368688777353683e-09	2.675667719945765e-07
CDH26	27.756127526654115	-1.0807035932309972	0.15827753651608298	5.488171043879196e-09	2.7273446260935203e-07
CKMT2	605.4847383603924	-1.1524750605462826	0.21853725923617778	5.60212957498954e-09	2.7727127054192495e-07
FSTL4	46.94864054420878	-1.0889620156808888	0.20615655091075819	5.76141687418795e-09	2.8345842735142935e-07
XXbac-B444P24.8	2.0677519406250733	1.0918238410658345	0.22893257922017682	5.896404137737698e-09	2.892755768596372e-07
CA8	394.1662096500603	1.0361468476201243	0.1943315424670244	6.0381964979600765e-09	2.933153736238328e-07
XPNPEP2	676.3865213485183	-1.038421493803422	0.19753239930545385	6.296309423282998e-09	3.0414256623964776e-07
CDH22	5.563050213798735	-2.2853781283463217	0.2780038555896622	7.119632634508297e-09	3.35926054550065e-07
TAAR3	2.3634188862429815	1.4960758763834119	0.28497671290625887	9.921975827609548e-09	4.5448965667636413e-07
AC004231.2	12.34357748467267	-1.1189506044933626	0.2176631213669857	1.0207394647647546e-08	4.663267147360462e-07
LRFN2	19.724270958806677	-1.292060135699922	0.2514144992124862	1.1565487870038381e-08	5.224388995924487e-07
RP11-1055B8.2	5.61492879585255	1.21123432202562	0.2328171407246999	1.1739777630743176e-08	5.286420336513792e-07
RP11-245G13.2	2.7650692499437417	-1.0930819429058218	0.2106046267705788	1.1756886895594722e-08	5.287231244792324e-07
PLA2G2D	75.38188150547406	1.0807398855466825	0.20756515056219407	1.1837076113093028e-08	5.316371063641183e-07
AC004009.3	4.940739030239485	1.8499894356254438	0.3561010742269461	1.1879298643308724e-08	5.328405409644113e-07
RP11-674N23.4	1.3086640809220529	1.1318351313636659	0.2157310399731974	1.2378542937495152e-08	5.509408711020716e-07
IGKV2D-40	34.20415689637506	1.268535689742553	0.265566164157866	1.2907191479711851e-08	5.729930325530693e-07
SPRR1B	24.88609626672629	3.3854167723723125	0.326222402974051	1.3800942917573044e-08	6.072063267352074e-07
TFF1	4989.957182580949	1.0096738367626115	0.1945837479791894	1.504561290314166e-08	6.577789600616539e-07
KRT23	2928.737807208618	-1.0439598213833952	0.2046406355701045	1.5201388740860944e-08	6.637491331629017e-07
PKLR	123.56904605203485	-1.122351516714826	0.22062269737601198	1.5493395406681934e-08	6.714063871467762e-07
GLP1R	1.896254776849609	-1.5910059724601713	0.2620285782542225	1.5484662791706768e-08	6.714063871467762e-07
RP11-291B21.2	11.29345532645317	1.132092997200225	0.21937076679173995	1.557470391613763e-08	6.723989048194518e-07
RP5-828H9.1	7.099153719496818	-1.107850633375166	0.21837611453050937	1.875663674471051e-08	7.997737282577921e-07
ROS1	17.880266751441717	-1.142352411062474	0.22755054056604684	2.171892068127207e-08	9.17026995708771e-07
FAM83A-AS1	2.6384136252065864	1.0827594697863854	0.21409183438200152	2.3379320182856126e-08	9.763905205265839e-07
HOXD12	5.820725364523951	-1.1473659640993168	0.22927391284675275	2.4652137584168573e-08	1.0184635500981031e-06
SLC6A4	176.6650646106273	-1.028437697077868	0.20568598791339704	2.4960679541427025e-08	1.0275231823621057e-06
KLRG2	48.20463659401721	-1.2338069748561553	0.24809096624177165	2.5494231102803096e-08	1.0469913838627982e-06
RP4-765H13.1	1.591610008525081	2.2123877167065347	0.4486195011655863	2.6997649374387327e-08	1.0995811486940914e-06
CES1P1	19.038628020691466	-1.5158448881824846	0.30999636089583354	3.8354567750549276e-08	1.5019161688984931e-06
RP11-1084E5.1	2.1644979678111524	1.329466800800379	0.19558089477519175	4.05000739239536e-08	1.56991195643716e-06
OPRD1	47.9634117634084	1.0139587167657316	0.20405698536778027	4.136008757271182e-08	1.5978687970764214e-06
GPR83	10.058239634530434	-1.0821997309425881	0.17804031535687007	4.2183094484996836e-08	1.6242137316865335e-06
RP4-806M20.4	3.617990003868344	-1.1763741175695746	0.24159083736591774	4.303184135288006e-08	1.6458845367062806e-06
ORM1	23.514712526436426	-1.7705711780757432	0.28399214088310426	4.392799529937531e-08	1.6764476261324026e-06
RP11-134N1.2	5.19669937741484	2.078904398220965	0.24016153281811092	4.47421676452619e-08	1.701877738030898e-06
NLRP9	2.3783100995277855	1.0079456685360224	0.20180999461132562	4.480956190900862e-08	1.7025661707517488e-06
ERVH-1	6.334912222671928	-1.3623895748356425	0.24343599967881235	4.5955229756112696e-08	1.7403527689875223e-06
HS6ST3	4.888192824710901	1.609957456770132	0.24412846122235135	4.676242135417016e-08	1.7651153100877913e-06
RP11-398J5.1	1.2276336999046153	1.481475151586995	0.458391616411773	4.81367604452825e-08	1.8090831689435986e-06
RP11-407N17.3	1.5779531351434912	1.0223748640754822	0.20499040166768945	4.8545251009984824e-08	1.822452042807452e-06
MRPS36P2	1.4081360857159257	-1.8880927500834797	0.37032217419318175	5.079984608646292e-08	1.8906520303170866e-06
CTC-321K16.1	5.134496872239955	-1.012762074265741	0.2067860648384535	5.418411095737383e-08	2.003651846087556e-06
DLX5	22.340414461596772	-1.2780737832211504	0.2093455595418449	5.620425894143377e-08	2.0607034982157535e-06
AFF2	7.298173110627844	1.253128634136175	0.164550560018836	5.677489951472075e-08	2.0794183239018297e-06
SNX18P7	1.6531100280638524	-1.9246294996675508	0.3948222329731487	5.725711054188246e-08	2.094858139719848e-06
RP5-981L23.2	1.5433208520457318	-2.1084230986841	0.43879708476271334	5.8212477194815614e-08	2.124185189341313e-06
RP11-387A1.5	2.1414099681134755	1.0055527701424656	0.20411055830965255	6.060021431762568e-08	2.205490202425875e-06
SPRR3	17.036295807469028	3.8133976116576833	0.3234144564917874	6.096697387869091e-08	2.2165024671812913e-06
RP4-809F18.1	2.2858347323135604	2.6309747721596675	0.43779435230221464	6.110285967972806e-08	2.2191068008606183e-06
FCRL1	14.182850826614215	1.147315783335579	0.23426859559142701	6.212528663232553e-08	2.24443844111638e-06
MAP7D2	474.3311389831888	-1.0145311557997685	0.2112645848027299	6.643974771813588e-08	2.370553725918365e-06
FAM41C	2.067412955604323	-2.2855512660929778	0.3018220592864792	6.752786048222144e-08	2.4019333113645355e-06
HOXC5	1.1313479835087121	1.1537270260898096	0.32577009418102587	7.014931307347467e-08	2.4731702643294573e-06
TAC1	102.84796378904957	-1.1388903238068573	0.23842922307752523	7.442694086246027e-08	2.5991483149723485e-06
CYP3A4	22.60481726948078	2.224089334673284	0.16928751623159835	7.836541601581648e-08	2.717454556580592e-06
AC005235.1	2.7392468129881	-1.7909638866902975	0.2994135505183211	8.586873184371376e-08	2.936370554869491e-06
C6orf15	131.62362875407618	-1.0611842184890143	0.282059763659735	9.472413841550346e-08	3.2042921572915362e-06
MUC17	2987.8886244423534	1.159671986704083	0.24289782022465198	9.687069842086808e-08	3.2641172507901868e-06
CTD-2066L21.3	5.342925180270072	-1.115715056512409	0.23747202238541054	1.1019975536097141e-07	3.6596914910165676e-06
GOLGA6L2	5.95464127781331	-1.4440878946574351	0.3079556097390889	1.1166957304921654e-07	3.7049411277366384e-06
DIO3	205.54627748087532	-1.7327858889157373	0.16256209691648335	1.1533023122121607e-07	3.815398013331763e-06
TNNT1	156.58149927759538	1.1176567294018	0.2349696529548064	1.1711912122498256e-07	3.859790275637831e-06
RP11-543D5.1	11.427761799930524	-1.0130997578254544	0.16412108673202272	1.2352795857677335e-07	4.055521514567108e-06
PTCHD3P2	9.46683201868042	-1.1728058036814948	0.25086022255026225	1.2414293599274655e-07	4.071841142751643e-06
RP11-274J2.1	0.9107137667262982	-1.1075196126376539	0.23755982427840613	1.2741079092093515e-07	4.163210876846981e-06
RP11-1102P16.1	1.6469512231478136	-1.232744065410918	0.2644945128265754	1.3369429683147038e-07	4.3275854020293565e-06
CALCB	12.2491147867512	5.279184581677885	0.2624169248859684	1.3641633561712353e-07	4.39510018614199e-06
FGA	41.92818723089146	-1.3533381515187053	0.24150478763241626	1.3743588663289057e-07	4.4238216705748134e-06
RP11-817J15.3	2.1611100441135718	-1.5444230410866409	0.32992757944322004	1.4725198810442525e-07	4.6724966874974575e-06
RP11-200K12.3	2.8636320870210734	1.3238829847452545	0.2802498593147798	1.4787228831851938e-07	4.676935067715222e-06
SAA1	435.4112370152593	1.548596054017509	0.19918390333690167	1.5862445304678304e-07	4.944558988564795e-06
REG4	21885.043624217702	1.2309423840142424	0.264021860391498	1.7556313340076975e-07	5.375531472868604e-06
VENTX	206.66740394012118	-1.2529085189187636	0.2277189220212579	1.759323364235578e-07	5.382064690342639e-06
ZNF840P	1.129376153737511	-2.4363453886880477	0.4632655274858524	1.770928137653148e-07	5.4032081288219456e-06
CTD-2291D10.4	6.971681666697704	-1.1854681464189072	0.2582158044127774	1.8004560381397692e-07	5.459539126011532e-06
SERPINB2	25.636986913719987	1.3737223089741128	0.2608510308442799	1.9687706850506312e-07	5.86690266784113e-06
TTC29	5.988512134461962	2.345075075042935	0.3921960177110584	2.107884261507904e-07	6.180144874699489e-06
CTC-455F18.1	4.57724946169175	1.0872260394602051	0.2100043409907284	2.106474273055174e-07	6.180144874699489e-06
RP11-280O1.2	5.324367635944373	-1.3088604940260975	0.2902269711137694	2.6693858636932276e-07	7.575616184078611e-06
PHYHIPL	105.59370037259413	-1.1690542380086835	0.2601597331142685	2.841701475890082e-07	7.98589793118728e-06
LKAAEAR1	1.602367353637772	-1.979340398275148	0.3257625709173366	2.9650053342446575e-07	8.258496309204998e-06
COL6A5	6.234486220896324	1.0288489863790984	0.22349095889058032	3.129749735478955e-07	8.661482080446486e-06
RPS3AP54	0.7064824889464674	-1.5355147719961861	0.3267446391067602	3.242683388336489e-07	8.902686714337493e-06
LINC01443	24.02391953867888	1.078380327665329	0.23814884130144579	3.4723665448940946e-07	9.495534103527493e-06
KRT16	66.06798341669405	2.329124573154315	0.21365901409257926	4.5020831034221964e-07	1.1979425749306303e-05
CNDP1	13.757900591838744	1.4713558594356226	0.23014639268460965	4.5007089498523984e-07	1.1979425749306303e-05
HRK	4.123807524191038	1.5435260419727144	0.2086128711210836	4.628191671267045e-07	1.2230182398027635e-05
RPS21P8	1.042817913330091	-1.4202014051422107	0.3193018221065856	4.92315836161862e-07	1.293049760407482e-05
RP13-436F16.1	0.8057980406825747	-2.0683312759225023	0.3956560906938563	5.086507527553408e-07	1.3278745048120906e-05
SOX2	110.91810776765351	1.3655583777510503	0.3084318797092594	5.437631071001452e-07	1.4004839815827603e-05
PGLYRP3	6.2056364589322675	1.408236266895919	0.3203807326957855	5.664890882628145e-07	1.4514391788146209e-05
DLGAP1-AS5	16.027706751792945	2.039297726311566	0.39321666646264136	6.109001382687694e-07	1.549138691301524e-05
HYPM	1.419596086843031	-2.0852400676682423	0.32446913841484215	6.416448410316044e-07	1.616420825641835e-05
ISM2	114.21462377243408	-1.2922959945671495	0.23781258767439217	6.433475297406417e-07	1.6192236410581036e-05
RP11-661P17.1	16.236726120745217	-1.160722314394955	0.26898236598274744	6.543129176733546e-07	1.643814341305262e-05
PPY	1.6368367521072795	-1.5469082359737865	0.3585644432704258	6.73832896456081e-07	1.685216551614781e-05
SLC38A8	1.743894798094616	2.00146322374256	0.25213716857206914	7.948031765096852e-07	1.934525166334849e-05
HOTAIR	23.510851628601625	1.0652308514775473	0.3492413436665337	8.76738594876903e-07	2.1072232143255723e-05
GJB5	179.3906803236332	1.0332035984293957	0.2390636850234488	9.074814903734246e-07	2.1750586894182748e-05
PRAMENP	5.1962253499709075	1.587504967377778	0.26164641651781223	9.640261203036313e-07	2.2915026939467872e-05
RP11-202G11.2	1.181932944329278	-1.0849390916204091	0.2507812660033033	9.82720762640575e-07	2.324740390416451e-05
AF186192.1	2.59530608390296	-1.0461805697725055	0.24750162513897947	1.2859622111407151e-06	2.9355296000249847e-05
APOA4	2.1264441800823946	4.1782832065795406	0.43501796646785545	1.2858697381063301e-06	2.9355296000249847e-05
AL122127.2	1.4516138137025496	1.5277678795376606	0.2661184160777072	1.3812166540778653e-06	3.1322692579475584e-05
SLC9C2	0.7885210908411711	1.384096358306362	0.3122759392453084	1.4147843775376065e-06	3.2020853755828216e-05
GABRR1	18.23733755293864	-1.3163736278365052	0.31990425721234367	1.4271317159541382e-06	3.2258033511534044e-05
TCAM1P	9.363092369956334	1.3131267436423213	0.29399796839667913	1.4549449396268068e-06	3.2779444438898016e-05
CTD-2066L21.2	0.8891916682563061	-1.362029521164398	0.3033947431736588	1.5853840962233346e-06	3.5349254948587174e-05
IGLVI-70	13.662991299251889	2.2015000249614	0.2856115391386929	1.593690054061737e-06	3.54429279376589e-05
CTD-2527I21.15	8.907936783192163	1.1349360918968578	0.2734086748470311	1.6930979750179525e-06	3.7245998637687924e-05
CHRND	2.194527491597399	1.9570676867461079	0.3067877623540058	1.8364601481079617e-06	3.994185176029772e-05
RP5-944M2.3	1.073030495988718	2.633633730217297	0.5721478108484213	1.8682233778275539e-06	4.0556064753870556e-05
OMD	31.31356611373714	-1.0101180547486703	0.24664788404260998	1.8715021016373778e-06	4.060172084569834e-05
KRT6A	118.0566936178365	2.499292606693081	0.23972470482707312	2.0296704598136737e-06	4.3486822792211334e-05
AC068121.1	7.3670979747376	-1.0393704520382612	0.25459103361060825	2.1021173311316836e-06	4.487202001398399e-05
CTD-2545H1.2	3.7357471507019073	-1.3066839070669234	0.3231182295218306	2.1369316632924864e-06	4.550267927669291e-05
SALL3	1.6255362333923387	-4.168710176384422	0.592979087227088	2.2727856006325476e-06	4.812842984343773e-05
BPIFB1	2.475929844133423	1.2339749288009123	0.35802729177197345	2.350437881762057e-06	4.946948419274706e-05
ZPBP	0.9139508796856932	-1.382622035961704	0.3419548579964204	2.5925711504658826e-06	5.384378977437802e-05
RP11-180I4.2	1.3431418646503532	-1.4677843204730834	0.2870758502384768	2.6371640126510344e-06	5.463849470242437e-05
RP5-907D15.3	0.66919345172848	-1.5128306888329897	0.3265544729861542	2.6790832544889882e-06	5.5407291882359685e-05
GRID2	0.790062082900124	2.0076498695347857	0.3561346226358802	2.9067208924920516e-06	5.92285110235342e-05
MUM1L1	17.85116933321499	-1.0584690144934477	0.26653633646081343	2.980174568400656e-06	6.0546628966718734e-05
FDCSP	51.09761868726945	1.3912513101506967	0.25243727618798995	3.001856876841514e-06	6.0808289039502766e-05
CTNNA2	48.69981310539299	-1.847765230789902	0.2357549026629279	3.1671859811390318e-06	6.365505924649797e-05
SAA2	117.4033311566453	1.2440089397860852	0.19278873225638976	3.195373986624801e-06	6.405213392341693e-05
SPRR2D	20.04516472236807	2.748284043979127	0.28351733375272015	3.345688621780045e-06	6.6524694081197e-05
ZAR1	2.470100202562523	-1.0919258828839207	0.28683202888691073	3.4086643558393534e-06	6.746616018451552e-05
LIPF	0.6754066260960879	4.434849480992431	0.48966169770205903	3.5454625902104824e-06	6.977389569270064e-05
RP11-10J21.3	0.8553364924141665	1.0154493608759538	0.25380405204569534	3.8788111295873005e-06	7.538907078991907e-05
TPTE2P6	1.1166526614498358	-1.103546415991559	0.2748332580636986	4.251307086242507e-06	8.152784239014087e-05
KIR2DL1	1.0626114907339095	1.2802818090499473	0.31480013491541226	4.314349545202262e-06	8.237092570049515e-05
DPP10	67.75474692933052	-1.0855021398794011	0.2822944510778321	4.7641846198964025e-06	8.942685239238149e-05
RP11-379K22.3	1.2071303236727626	2.187786259882625	0.3618916886812084	5.338426152776479e-06	9.882109863998265e-05
FUNDC2P2	2.1795576094992115	-1.0050853450257837	0.29201499770896666	5.618316434604192e-06	0.00010316077247121722
KIR2DS4	1.6446602546723095	1.11930704539526	0.2878592132229322	5.6532501767711695e-06	0.00010358193878266453
RP4-809F18.2	0.93855389543671	2.602272128233096	0.5101578258204771	5.8506465906566515e-06	0.00010657681009920856
AC007009.1	2.7622084408164285	-1.8410935909233335	0.5539364267431469	5.9027956259842855e-06	0.00010730039754223434
RP11-390F4.6	6.847560891126574	-1.1154910994777225	0.29284313669647377	6.02473593921463e-06	0.00010922956948482672
RP11-200K12.2	0.6980087139616512	1.7389864089341895	0.40894068632628583	6.220183422198256e-06	0.00011253677057929983
AP000472.2	2.4912933667239527	1.3111691160577406	0.341022517180224	6.28148929795196e-06	0.00011340829972434125
IGKV2-29	30.48537057027954	1.429864488568952	0.3004245993243603	6.597213409816995e-06	0.00011830454659826551
KIR3DL1	1.4500134577556374	1.101560751894206	0.2911041060453177	6.695618706746416e-06	0.0001195725330370257
PAX4	8.77724607806399	2.269080158394155	0.3347167787548392	6.7462659751121565e-06	0.0001201663405097595
ITLN2	38.45811405780282	-1.703887610070304	0.29686039590539676	6.7646198384674484e-06	0.00012043115462937563
CR2	107.24466613718236	1.2353554304570125	0.2105982179931562	7.112936022756775e-06	0.00012624182135353212
RP11-1G11.2	1.0596000579486642	1.1404467584935138	0.337597010825316	7.366739429333843e-06	0.0001302110779991465
RP11-483E23.2	0.7263185327169294	-1.8410423481146192	0.43713445593501304	7.816114767511063e-06	0.0001368236045820056
SLC17A8	1.7904602516757477	1.1006356484447664	0.29313038175634043	7.996452498348557e-06	0.00013955607700250758
WFDC9	0.7506370547459328	-1.3831996905864135	0.34223633361810846	8.575824317260453e-06	0.00014787409898629135
TDRD1	8.273972989641253	-1.9382282451989186	0.1913157518434339	9.127212430513695e-06	0.00015582583436731683
CFAP46	12.32188410155021	1.1880657479367516	0.21089377612239177	9.414984909888672e-06	0.00016002694331581445
AIPL1	0.5725129028539931	1.6348979122517462	0.40646752579910317	9.46577428013752e-06	0.00016065302805277134
RFX6	13.479898290242788	1.1741896906186575	0.2796667673968378	9.50723434335835e-06	0.00016127743602696988
RP11-685G9.4	0.7122595631974542	1.0429518581688935	0.2536052229394195	9.887294902486371e-06	0.00016617391306183665
LINC00393	6.038569377032621	-1.318894654199747	0.40202053443796215	1.0026054967845004e-05	0.0001679339895632545
SAA2-SAA4	19.488133697899364	1.5186135818211117	0.2623959811739601	1.004411063503892e-05	0.00016815486820793708
RP11-807H22.5	1.7097998457674801	1.2821093158330152	0.3606920237547147	1.0079410419918989e-05	0.00016850081175370863
POU3F3	4.279693279677716	1.8746458574813842	0.22380244357669582	1.0211972443602664e-05	0.0001702225406646471
KLK7	206.86174685317707	1.2399760582436399	0.24971367268249348	1.0710510520420025e-05	0.0001775898283025765
AC114498.1	7.4318694988803875	1.448195398932945	0.1652320467930258	1.1115870065481852e-05	0.0001832553318957576
VWA5B2	32.35966119787924	1.4000814578581027	0.1684313349658519	1.1406064599842655e-05	0.00018768111441132238
KRT40	93.73396456263828	-2.5705300953787025	0.26619998227661934	1.1562174423864694e-05	0.00018979770924498044
RP11-587P21.2	1.6677716101827478	2.1233403509026365	0.4229559062107869	1.1786651920380325e-05	0.00019311545731788218
NPY	6.073269149364496	-1.0158000316922513	0.27903891239908	1.1864574595092173e-05	0.00019402399496462757
PCDH8	7.253023942489856	-1.2760276329914813	0.27475957397658185	1.2078335867626014e-05	0.00019686718461352866
FOXL2NB	1.8036376530813458	1.3362555660269853	0.3259143036312029	1.2298515171123212e-05	0.0002002669104103034
FER1L6-AS2	1.3079984558514963	-1.2230329679031355	0.32720875943420175	1.29891066060251e-05	0.0002100270430519171
FLJ43879	1.7047503708169915	1.252576317861513	0.40593206638495877	1.3803213536756655e-05	0.00022132562169568305
SLC6A2	2.3986102818520316	-2.444024479598908	0.3298979013501882	1.497043828981397e-05	0.00023771700228088303
PCDHA1	1.756218794709443	2.5238380582116156	0.22107387497053083	1.5251818258889352e-05	0.0002411938182351284
FAM19A4	0.9045855537848771	1.778663162145784	0.2954570179038569	1.527708856814561e-05	0.00024125720698577396
ZIC5	97.49524795945833	1.144870084248316	0.3150813712155217	1.528376770180304e-05	0.00024125720698577396
TRIM72	163.65824300481145	1.001689350648526	0.2765712962884409	1.619357162121587e-05	0.00025284519740214907
LINC01187	0.8760486099742631	1.5183486129713746	0.3830780450470082	1.6439962180275416e-05	0.0002561134026983998
S100A8	192.2531665063881	1.0350190027735997	0.15595922663707742	1.663757354605405e-05	0.00025849235948430715
TCL6	10.526208013413358	1.9463026229699782	0.26551443158360555	1.6694538309224165e-05	0.0002592607752356044
RTP3	1.0416295716566126	-1.1209124219806768	0.3055496681690269	1.75173848397185e-05	0.0002708832423347447
DPP10-AS1	27.083223107167054	-1.2828183244983755	0.3711664400851339	1.8344224889328577e-05	0.0002809635650676853
PSAPL1	4.057264691423372	2.2026846179175297	0.3491914886847472	1.8782807649663898e-05	0.00028634499911112647
RN7SKP127	1.3688559990138562	-1.0566612010792662	0.3104265607367538	1.8795069575103473e-05	0.00028634499911112647
XKR7	6.460940566407241	1.2118157989102556	0.27560472706688444	1.9385535710055124e-05	0.0002932709734357792
PRH2	2.3636746444979204	1.882336209534887	0.16113115374838402	1.9981460307183927e-05	0.00030057477181599237
TCL1A	17.782642171908893	1.6738110776295163	0.24625011255780277	2.0040332554180887e-05	0.00030119800076427306
DNAJC5G	1.5410715715835963	1.1645835350431455	0.20760129525175222	2.104235886339092e-05	0.0003127198753975024
SPRR2A	20.547195589265577	3.3485814135780156	0.3124599351369881	2.1440575957663447e-05	0.0003177777666913539
NBPF7	10.485446311375446	1.0269921785896334	0.28966668373143795	2.1703143955045077e-05	0.0003207459075393012
MAGEB17	127.09370637222528	-1.0214492646242734	0.29825628785412545	2.3738346583391796e-05	0.0003456876778120475
RP11-434E6.4	9.552275581162279	1.0063627283469352	0.2861575573882145	2.3773893017151076e-05	0.0003457274598005743
RP11-883G14.1	1.0141450661156528	-1.4368524043202826	0.38966330104268826	2.6020821541349877e-05	0.0003721354593768704
RP11-521M14.1	1.1555057130219442	-1.223100863890647	0.36551547000435447	2.6874420885763443e-05	0.0003826004734346652
RP11-343J3.2	0.799068727377941	1.061972950311721	0.2855579857794353	2.68676861048232e-05	0.0003826004734346652
CD177P1	3.0794835661082387	-1.4630720150582905	0.31955790779040566	2.831854169345547e-05	0.00039953668015055765
KRT37	3.4175840142530696	-1.3795101774417755	0.32306779843295913	3.0005192855663285e-05	0.00042007269997928597
HOXC11	57.493132902156255	1.1714016482218452	0.3415198534956453	3.13425310039181e-05	0.0004364952966989207
KRTAP1-5	0.8850316366640294	-1.0097526475303797	0.2961535499184724	3.2462406177858094e-05	0.0004493733805895242
CLCA1	7998.067586357688	1.1893092427154823	0.28253169465689265	3.39843137470511e-05	0.0004654045314019234
HCN4	1.7939325129916999	1.9968947433035826	0.16805016457627717	3.42370726052285e-05	0.00046849445865268703
RP11-30K9.5	1.3516278597723572	-1.141778717101553	0.24450266981999436	3.463050336530054e-05	0.0004731282932083663
HOXC-AS3	1.3532145450541881	1.4277373735299221	0.41138713352769984	4.002195570007792e-05	0.0005368071091142878
LINC01500	0.6426789785279222	-1.008869864590295	0.2909900323626164	4.0352053511484844e-05	0.0005403000861512934
REG3G	4.545087296348729	1.3165003863879983	0.36318709974590724	4.296308545264054e-05	0.0005672244057199155
SPRR2E	4.820223530278009	4.650646735837069	0.45059048769326165	4.4557947116488346e-05	0.0005840388529446961
ADARB2-AS1	0.8227259624258928	-1.213887733859448	0.3540940097614296	4.527541448310792e-05	0.000592319039930902
SEZ6	4.855703979330349	1.8710086240066033	0.19056299005078076	4.619773261971454e-05	0.0006021046374413964
SLITRK2	2.6877168285911526	1.1228806829800635	0.20851246563223427	4.6998622865196865e-05	0.000611001525997559
SLC4A1	1.2899311316393742	1.102206772541911	0.22570430365851057	4.6975112757374384e-05	0.000611001525997559
TPH1	30.327795439936907	-1.1169181952766498	0.15439399502359347	4.9292216031212716e-05	0.0006345432967813262
RP11-401P9.7	19.29519059940208	-1.395226859817627	0.23302558724511205	5.105599052351843e-05	0.0006523758049209322
TUBB8P11	1.2548010541022399	-1.5572769257033583	0.2518936197868021	5.4154326673854834e-05	0.0006848707926259971
SERPINA9	2.0360053073154636	1.8037662666591778	0.3200247661626082	5.543377629486765e-05	0.0006974760530681745
AC006050.2	1.039691480785681	5.638207053176575	0.7207036066738902	5.685885401000737e-05	0.0007112608112269592
IGLV1-36	74.62858586404958	1.1607950490471084	0.2388650361802974	6.243001132890255e-05	0.0007667879556463856
IGHV3-20	44.257002633118695	1.5452289445007303	0.22804077955371077	6.4075706535996e-05	0.0007853253202059013
AC003958.2	7.850884071659114	-1.287803486123279	0.303720849594879	6.971766290210238e-05	0.0008428101649677324
KRT39	8.033755439573275	-1.3833139122410008	0.27640726735755294	7.19738408158643e-05	0.0008649382442930833
SLC10A2	0.8572202782718524	4.12565923212978	0.5746547274162342	7.203943390379257e-05	0.0008651244673745438
LINC00520	16.24102349675751	1.1802291298949192	0.203202746682082	8.409337182861558e-05	0.0009878591937327837
IGLV3-9	141.92725266687435	1.1029109818278675	0.22582434014523034	8.506939295341314e-05	0.000997327458867951
RP4-781K5.4	1.8404362160966132	-1.2773421504062263	0.24925538052825605	9.81266232374406e-05	0.0011259459512872835
MYO18B	14.3901679339876	-1.0316297597095634	0.21994888804645368	0.00010531969065302961	0.0011938075076384433
RP11-87G24.2	0.6165775436041496	1.159354733057867	0.35514272398514873	0.00010641733018429322	0.0012034845284561622
CTD-3099C6.5	0.5370943097414516	1.2052164085562995	0.3164403646372713	0.00011526847319561471	0.0012821715063543126
ZNF578	4.996245937935112	1.4907569879196012	0.13059451586397242	0.00011546044170898168	0.0012838933469880261
AL158069.1	0.9182061911610571	-1.0581757077605491	0.4331850754702021	0.00012503493564736478	0.0013711483088092412
EMX2	4.911144007557687	-1.4278103438126615	0.31324323212861394	0.00012589961498586072	0.0013795434334967188
TEX19	4.511375039414169	1.1743902203751109	0.1668005345103882	0.00013905815644412687	0.0014999346056424904
TRDV3	0.6364441822512369	1.2453724031747608	0.40245145851012337	0.00014310187446615717	0.0015330187780124493
ANKRD34C	0.5259993884554012	2.4412825523035004	0.3362450941274786	0.0001490452637151288	0.00158586731922154
AACSP1	1.7841523388712401	1.1454543548743124	0.28508782464384214	0.00016758125962645885	0.0017475608529524864
OVCH2	0.5793796587772092	1.1073148521637681	0.3208568058053299	0.00016919877944049456	0.0017601769410589762
KRT5	53.64252397343254	2.43158756284012	0.23752654487621447	0.00016985648601513915	0.001765876732072997
CER1	1.6091996729303524	3.312214014345393	0.2643495337422697	0.00017575462291853798	0.001815685117834408
DKK4	124.84595181079047	1.1145229913512125	0.2476939992242477	0.00017579625438758064	0.001815685117834408
ALX3	0.7006949223191711	-2.9843718478610968	0.6837377177813733	0.00017769268909320648	0.0018303459874444274
TKTL1	8.461753574573846	1.050136658657855	0.26734496079505937	0.00020790505694537884	0.002083756487747967
ANXA8L1	4.748825144409322	-1.2130303665799622	0.15259799495807763	0.00021613272153326072	0.0021518570009558258
REG1B	1405.9934266547323	1.1295256123780597	0.3275561175081319	0.00022563522657449985	0.0022265684158371646
CTC-525D6.3	0.5696914029589681	-2.6413793366484497	0.6098599327543389	0.00023324752330288986	0.002287309187914597
KRT16P2	0.5961162242792212	2.1113260265223555	0.2908675244378415	0.00024031508599949242	0.002342648162644784
CCKAR	1.0002440768285865	1.9131208193230054	0.4017724626506009	0.00024294769159621398	0.002363641513338039
ASIP	4.766732571020635	-1.05636662590636	0.11811404853380278	0.0002510328562598324	0.002424544963507296
SFTPC	1.1720371398485752	6.702310909036775	0.4273911557493603	0.0002532426263395074	0.002442472445829072
MLN	2.056087195963281	2.188585173090539	0.4242863483230885	0.00029529783722246017	0.0027812917103870543
AC004009.1	0.4249427259588184	1.9275512835499893	0.4890340408395376	0.00030580243056806464	0.0028622776008021184
RP11-400G3.5	0.46253249852599293	1.170803993430366	0.3286504782281096	0.00031477767613203103	0.0029294973710848496
DMRT1	3.750450636232083	-1.1678671547622246	0.3694218780917347	0.00034997842746812993	0.0031859659799405035
UGT2B4	5.727893631807172	1.7247562552143354	0.3325532202988193	0.00035312913742295224	0.003211262282336473
GS1-594A7.3	1.1670909293858351	-1.153883836170322	0.4011723314067705	0.00038394510710646406	0.003437194429560149
ABCB5	3.5591923723785426	1.0705641857107127	0.25818113968500905	0.00039444871529202525	0.0035093945720649066
POU6F2-AS1	6.717270691770929	-1.03982996104749	0.4181444143453297	0.000397787681177083	0.0035345487348839954
CCNYL2	0.7590893316683297	2.7252915523171533	0.3162241892864218	0.0004360889884809951	0.00381790658660497
ST6GAL2-IT1	0.45508492455270977	-1.2094255549563904	0.36142331433390823	0.00043859566897931396	0.0038349917000525427
UPK2	14.075132912049677	-1.268724060959337	0.2394752659729365	0.00045653723960295	0.003964768212573973
KRT14	5.860328402783629	5.72438755432816	0.24526439749808315	0.00046271898754891107	0.004010386045662307
SLC35F3	2.632367531910991	1.1811510297412346	0.19501949397633533	0.0004919141438088913	0.00420850401260131
CTD-2089N3.2	0.4499898735407533	-1.6069578683534114	0.42645947609866414	0.0005037958217537605	0.0042878511808110845
ANKRD63	0.61475363423205	1.4154166091761187	0.3675012208692126	0.0005222540558980316	0.0044074201572496625
TCN1	898.9381012744166	1.0265018375598438	0.2612692592545529	0.0005249597469111613	0.004422209692394558
SLC13A5	7.685631599204127	-1.3542212749643976	0.17788143840693865	0.0005294283454526354	0.004453335653980303
TMEM229A	4.243681972533786	2.762379002595493	0.32744409622298537	0.00055070177016806	0.004598679337056203
RP11-122M14.1	1.6867595544313068	1.6688310235350161	0.16383150110748002	0.0005525370665176365	0.004608183877124709
DAW1	2.1360150952547947	-1.8703668724387783	0.2077518339484914	0.0005634341606568252	0.0046823602119262335
RP11-303E16.6	1.7257247382741634	1.0591699892412174	0.21515163611956473	0.0006004399194404048	0.004922990106301719
RP11-85B7.2	1.0111870615543546	1.5455584196885477	0.2542805692198568	0.0007146202297812795	0.005696181282295368
PAEP	13.388339425466626	-4.81845498845778	0.2070808837781514	0.0007241272085817401	0.0057582080255267525
LINC00524	4.012709294975501	-1.0238579037376287	0.2688603321603361	0.0007356806501168675	0.00582373098641677
RP11-218I7.2	0.595716732038294	-2.37618020193719	0.3949569127386149	0.0007575757114302904	0.005947976795039638
RP11-86K22.2	1.249793640479894	-1.228218731106955	0.47424317734652877	0.0007620105320872223	0.005977360835164316
REG1P	0.722424665163267	1.3206745552520087	0.5077852101715234	0.0007832982923298887	0.006102764814006248
ZNF80	2.841730976838568	1.01685723210033	0.1882798058060101	0.0007966350734596271	0.006181573167186835
ZNF849P	0.4882917325929864	-1.4932445430066623	0.45362933417572654	0.0008601525076434635	0.006555151656882158
RP11-578F21.4	0.4925136213144278	-1.4114850944884005	0.4755048401754728	0.0008781827000924633	0.006675692152135756
FAM9C	0.951820591923633	-1.0473750774171031	0.22384364942539176	0.000879793097990433	0.006682712561775583
GBP6	3.695543649304578	1.0591090048149558	0.19529984967775493	0.0008945102323507729	0.006770559631492163
FCER2	14.281538202909545	1.3619590908779302	0.2011653650084281	0.000904995364998393	0.006827595001379314
CRISP2	0.48525426565953034	3.0234672332012598	0.7067509540277542	0.0009159715854975365	0.006893838879911509
ERICH3	1.0926712370285598	2.0608157654028463	0.2140822777666947	0.0009189338963696099	0.006913121087522018
RP11-298E9.6	0.4722938949667295	-1.0706469632196476	0.41116818206885536	0.0009457731245214784	0.0070857076300917185
AICDA	1.7233176396455832	1.9865121110718484	0.24066034525854332	0.0009542248339819519	0.007135097925106875
ZNF444P1	0.5894050102945965	-1.2153860538471026	0.44693388679084317	0.0009804953263378854	0.007309377850433388
RP11-527H14.1	0.35948322918301595	1.5491503543427851	0.4238689987620852	0.0010545089495070266	0.007770563281005694
NTS	48.243806023416745	-1.1546429083046668	0.2947462560927372	0.0010604023554662148	0.007803121786970784
RP11-164H13.1	0.9193181474816953	1.4546182057372794	0.36061085144359123	0.0010819354329145115	0.007928683637174071
TSPAN32	23.502693598440842	-1.2609331029811488	0.14929401918575835	0.0011961599265564715	0.008569223001951485
RP11-876N24.1	0.9641495317711939	1.0425223485505828	0.25615045296445255	0.0012703694946485235	0.00897443681860722
KRT16P6	0.4787599704735347	3.1835511840943282	0.398685294774749	0.0012975103680745233	0.00912882727491503
ITGAD	7.015488949227521	1.1325764472826787	0.14993394276056032	0.0014986218987742593	0.010241274859490576
GPR87	1.2839797781274127	-2.1113687693940606	0.28654511441462477	0.0015595631465634278	0.010605275045482905
RP11-87G24.3	0.4967405954264251	1.5841821051240557	0.35853680195347976	0.0015917822310334356	0.010788260340548037
MS4A18	0.552457093928871	1.1780940487014029	0.4094530824684248	0.001678406687177906	0.011245162010038898
GKN2	0.41102772880624117	1.2498435015578975	0.4032936194021969	0.0017146246130040818	0.011441210371703047
IGDCC3	5.975373295662115	2.0682370922534874	0.23775071332670422	0.0018564252009970815	0.012166454192037419
IVL	2.565980754882967	1.8487372203459822	0.41887396532338866	0.001909051519121855	0.012447578132420357
RP11-117L5.4	0.7539127019722635	1.173456953058741	0.3009559984120562	0.0021598960978782525	0.013778880734656737
FAM133A	1.8037651827627046	-1.5690450098430684	0.27195349720307216	0.002239352731735517	0.014192023157443537
SYCP2	51.19071702333001	1.0088613054638584	0.14186339295890638	0.002339232337388033	0.01467085644973813
VN1R51P	0.35413410294744985	1.1311387533044734	0.3827888176239015	0.0025018951376197854	0.015522277791931802
IGLV5-52	2.4091919816535516	-2.211110861820232	0.20122240955097917	0.0025016669802692248	0.015522277791931802
LY6K	3.1173485246967245	1.4792102779130722	0.19287020583516543	0.0026326387121292116	0.016138813603038465
RP11-203B7.2	1.1791622348753366	1.3984679211363464	0.2534930497654036	0.0026774061686730545	0.016349408460684223
KLK13	14.727768404635393	1.4297977523179528	0.22670656022986316	0.0027768228592622286	0.01680496020907637
MROH2B	0.5553080518221696	1.2525847016102178	0.3884425520009068	0.002919238240875908	0.017461837610559767
LINC00951	0.4767130858627583	-1.2379039376670389	0.45141492791634297	0.0031030693301686996	0.01825429025859466
C6orf118	0.39848116202958317	2.0296713785457157	0.4807350249684744	0.003140303672934546	0.018406261798956193
ARHGAP40	9.012218482032349	1.0735973914778738	0.24854763050592713	0.003378720929822587	0.019494531151722772
RP3-417L20.4	0.39643964551777666	3.44068439583927	0.8129884197272147	0.0035931005532336274	0.02047343945772262
LINC01351	1.3761980043870288	1.3267828440875444	0.39885265534306813	0.0036131354599903006	0.020568727957333936
LRRTM1	23.432225362653238	-1.4160303626652873	0.25081725072312394	0.0037707818528702162	0.021267276623945237
TUBA3C	0.5664795956798944	2.6568819722237453	0.42039918163535817	0.004177678102033391	0.023038263817344605
KRT38	2.25719957706509	-1.2850101510399423	0.39850361960215447	0.004275930576199949	0.023452769611051902
PGPEP1L	0.7378187999802163	1.1164651481592602	0.31673091284539673	0.00442734769505034	0.02409110977442226
SLC13A1	0.7002878519119912	1.0750993567363674	0.5506801138598831	0.00449015090110905	0.024341678201617385
MOG	0.40991367948047225	1.0707567912900304	0.40814308576037145	0.004747688567950956	0.025466014561250215
CACNG6	1.4175311111399729	2.045835048972299	0.2681612426258237	0.005048112058064074	0.02661451599166799
KCNC2	3.3262152649898993	-2.263846018664355	0.3936247612085929	0.005071236100214906	0.026707891495764323
OTOP3	1.021700235304478	1.3724844425385805	0.4737207164823859	0.005106830020746197	0.02683805466471883
XXyac-YX65C7_A.3	0.7044195723307252	7.579212976906228	0.39721443623362135	0.005219899755263627	0.0272910835221458
CRP	1.1091486980507805	-3.4262514285802355	0.3929635313643596	0.005264481926248438	0.02745328950190687
UNC80	2.3719300474806877	1.28702960351263	0.17788781128681255	0.005449727164636735	0.02820660524684903
RIMS2	4.200848392896976	2.5177572476490147	0.21969057872597425	0.005577125334379656	0.02874537454093487
OR7E15P	0.37562106238333454	-1.9185824947444396	0.6046865913386529	0.0056186606539161184	0.028894773922715142
KRTAP3-2	2.0034143724837072	-1.101858662630133	0.2626257411731741	0.006210349363703722	0.03121715126234888
KRTAP1-1	0.8797032240864832	-1.4413239460819725	0.36762876443356884	0.006230897740435842	0.03130302375834633
AC079466.1	11.728013937791417	2.4269518842060394	0.3076942012015151	0.006267798856581472	0.03143273368790633
NPPC	3.51673990632449	1.2075901798664948	0.20737529064018317	0.006556456542208746	0.032586975975651994
NCAN	1.3621998409197442	2.653502596491496	0.18745243791157307	0.006698780650583361	0.03308960041616821
RP11-964E11.2	1.954035724388481	1.3875215196490325	0.44689096612305634	0.0068322228844959745	0.03358544178547139
RP11-218F4.1	1.172114871428658	1.1707488405703983	0.45961729785201516	0.007114658128503983	0.03467768309938902
KRT6C	4.795989833044284	2.7580603969509907	0.2689355933764891	0.0071886628514039016	0.034905389787964
CTD-2626G11.2	0.6909543982984854	1.682323775816837	0.3095453307958078	0.0074996522540494385	0.03608065044579461
CASC11	6.850409619500394	-1.8546809707729954	0.11378955645531195	0.007513052851354748	0.03613129397839873
FGG	6.566185862399314	-1.067957664090623	0.42515563796753625	0.007891917596426627	0.03758045635535404
TMPRSS15	1.7021807710367887	1.2613905781749015	0.4392806279001865	0.008285625659494752	0.038987593872974076
KRTAP3-3	2.0198923430226943	-1.1592406978624334	0.28998254277456015	0.008453717614354227	0.039546864278012496
INSRR	3.307141942334283	1.000744013249514	0.18060281656819763	0.008902475797375298	0.04118686664940268
CTD-2034I21.1	0.35542853041119643	-2.8928185653014626	0.709393038282043	0.008974236080368578	0.041434786564173307
KRT24	1.321393741062972	2.458195049624181	0.5188191733801311	0.009111322278760214	0.041935880712129565
RNA5SP473	0.3621415852496221	1.3269989560029816	0.42335756976626104	0.009240841423642983	0.04239641087802621
RP11-451G4.2	3.282944640473093	-1.4841000692005526	0.4650798058693182	0.009614787018864089	0.04372866922011165
RP11-809N8.5	7.103346500725296	2.2854547360997035	0.12887705255900542	0.009864579960897017	0.04457711143392139
FBXL21	0.4775739110522106	-2.107684614561433	0.7135675295438063	0.009899112963156856	0.04468638916762665
MIR4479	0.49405349018909916	-1.1618901287742462	0.4165213171867531	0.01002879760243669	0.04512436315697738
AC104809.2	1.0581134560789602	-2.33516403212131	0.3888083940950898	0.010287644604289848	0.04602521623613507
RP11-544M22.1	1.1849798336619604	-1.8518150731819105	0.35099884160520745	0.010538337791631502	0.04685544678776632
RP11-206M11.7	0.7947275340981703	2.6191319385980685	0.3571923745729664	0.010796873829164551	0.04776433811933427
MAGEC2	3.3540448084700873	-3.0250379249764485	0.6724683573850064	0.011320879620584035	0.049500005106435166
LRRC53	0.9398003409072474	2.5987978195234995	0.35988773040774014	0.011435221045644395	0.049898883698605956
